/*
SQLyog Professional v12.09 (64 bit)
MySQL - 5.7.18-cynos-log : Database - ssmp-wx
*********************************************************************
*/

/*!40101 SET NAMES utf8 */;

/*!40101 SET SQL_MODE=''*/;

/*!40014 SET @OLD_UNIQUE_CHECKS=@@UNIQUE_CHECKS, UNIQUE_CHECKS=0 */;
/*!40014 SET @OLD_FOREIGN_KEY_CHECKS=@@FOREIGN_KEY_CHECKS, FOREIGN_KEY_CHECKS=0 */;
/*!40101 SET @OLD_SQL_MODE=@@SQL_MODE, SQL_MODE='NO_AUTO_VALUE_ON_ZERO' */;
/*!40111 SET @OLD_SQL_NOTES=@@SQL_NOTES, SQL_NOTES=0 */;
CREATE DATABASE /*!32312 IF NOT EXISTS*/`ssmp-wx` /*!40100 DEFAULT CHARACTER SET utf8 */;

USE `ssmp-wx`;

/*Table structure for table `cart` */

DROP TABLE IF EXISTS `cart`;

CREATE TABLE `cart` (
  `id` int(11) NOT NULL AUTO_INCREMENT,
  `member_id` int(11) DEFAULT NULL,
  `product_id` int(11) DEFAULT NULL COMMENT '商品id',
  `number` int(11) DEFAULT NULL COMMENT '购买数量',
  PRIMARY KEY (`id`)
) ENGINE=InnoDB AUTO_INCREMENT=27 DEFAULT CHARSET=utf8;

/*Data for the table `cart` */

insert  into `cart`(`id`,`member_id`,`product_id`,`number`) values (24,1,516,7),(25,1,517,2),(26,1,520,1);

/*Table structure for table `member` */

DROP TABLE IF EXISTS `member`;

CREATE TABLE `member` (
  `id` int(11) NOT NULL AUTO_INCREMENT,
  `nick_name` varchar(20) DEFAULT NULL COMMENT '昵称',
  `real_name` varchar(20) DEFAULT NULL COMMENT '真实名称',
  `gender` char(1) DEFAULT NULL,
  `birthday` timestamp NOT NULL DEFAULT CURRENT_TIMESTAMP,
  `mobile` varchar(20) DEFAULT NULL,
  `pic` varchar(20) DEFAULT NULL,
  `state` char(1) DEFAULT NULL,
  `source` char(1) DEFAULT NULL,
  `create_date` timestamp NOT NULL DEFAULT CURRENT_TIMESTAMP,
  PRIMARY KEY (`id`)
) ENGINE=InnoDB AUTO_INCREMENT=2 DEFAULT CHARSET=utf8;

/*Data for the table `member` */

insert  into `member`(`id`,`nick_name`,`real_name`,`gender`,`birthday`,`mobile`,`pic`,`state`,`source`,`create_date`) values (1,'张三','zhangsan','0','2021-01-07 09:07:47','12232313134',NULL,NULL,NULL,'2021-01-07 09:07:44');

/*Table structure for table `member_address` */

DROP TABLE IF EXISTS `member_address`;

CREATE TABLE `member_address` (
  `id` int(11) DEFAULT NULL,
  `real_name` varchar(100) DEFAULT NULL COMMENT '收货人真实名称',
  `mobile` varchar(20) DEFAULT NULL COMMENT '收货人手机号码',
  `address` varchar(500) DEFAULT NULL COMMENT '收货人地址',
  `member_id` int(11) DEFAULT NULL,
  `is_default` char(1) DEFAULT NULL COMMENT '0是1不是'
) ENGINE=InnoDB DEFAULT CHARSET=utf8;

/*Data for the table `member_address` */

insert  into `member_address`(`id`,`real_name`,`mobile`,`address`,`member_id`,`is_default`) values (NULL,'张三2','186****9865','北京 北京市 通州区 经济技术开发区科创十街恺王服饰2号楼4楼401',1,NULL),(NULL,'张三2','186****9865','北京 北京市 通州区 经济技术开发区科创十街恺王服饰2号楼4楼401',1,NULL),(NULL,'张三1','186****9865','北京 北京市 通州区 经济技术开发区科创十街恺王服饰2号楼4楼401',1,'0');

/*Table structure for table `product` */

DROP TABLE IF EXISTS `product`;

CREATE TABLE `product` (
  `id` int(11) NOT NULL AUTO_INCREMENT,
  `product_cate_id` int(11) DEFAULT NULL,
  `product_name` varchar(100) DEFAULT NULL,
  `title` varchar(500) DEFAULT NULL,
  `sku` varchar(100) DEFAULT NULL,
  `img_url` varchar(100) DEFAULT NULL,
  `stock` int(5) DEFAULT NULL,
  `sales` int(5) DEFAULT NULL,
  `mall_mobile_price` double DEFAULT NULL COMMENT '商城价格',
  `original_price` double DEFAULT NULL COMMENT '商品原价',
  `description` text,
  `create_time` datetime DEFAULT NULL,
  PRIMARY KEY (`id`)
) ENGINE=InnoDB AUTO_INCREMENT=611 DEFAULT CHARSET=utf8;

/*Data for the table `product` */

insert  into `product`(`id`,`product_cate_id`,`product_name`,`title`,`sku`,`img_url`,`stock`,`sales`,`mall_mobile_price`,`original_price`,`description`,`create_time`) values (420,22,'【会员精选】90分酸奶（原味）200g1瓶/约200g','9种益生菌，0添加，一款超高性价比的至简酸奶~','2036890409','/images/9b1ff93b-a3cb-42fc-91cc-4ccae2634b5a.jpg',4,2,7.9,NULL,'https://img10.360buyimg.com/o2o/jfs/t1/161318/39/5620/752375/601b5793Eb5a13648/5e1bacc52982d2fa.jpg','2021-02-09 15:58:07'),(421,22,'90分酸奶（原味）200g-2瓶/约400g','9种益生菌，0添加，一款超高性价比的至简酸奶~','2037049047','/images/7e947198-d842-4853-b9e1-b180bb260829.jpg',2,0,18.9,NULL,'https://img10.360buyimg.com/o2o/jfs/t1/167149/28/5551/752375/601b5793E440ea04a/55368d704c970ea0.jpg','2021-02-10 10:05:42'),(422,22,'超值套餐一1份',NULL,'2039310187','/images/83926cb6-986a-430b-8015-0bce5e6c9992.jpg',11,0,36.9,NULL,'https://img10.360buyimg.com/o2o/jfs/t1/158429/18/6554/510707/601e2c50E577f9c2d/07ed82f1a2cc5ac0.jpg','2021-02-10 10:05:43'),(423,24,'A级-佳沛金奇异果（大）1个',NULL,'2040785621','/images/54201b48-8abd-4543-a80f-6f8bbc515e5a.jpg',96,0,19.9,25.9,'https://img10.360buyimg.com/o2o/jfs/t1/171104/38/5912/656669/601f327dE93859b1e/6562db7177f11b7f.jpg','2021-02-10 10:05:49'),(424,24,'A级-佳沛金奇异果（大）--1份/4个',NULL,'2040785738','/images/f1893ffd-a870-4fd7-9c0a-a567b20df530.jpg',24,0,74.5,NULL,'https://img10.360buyimg.com/o2o/jfs/t1/162345/40/5825/656669/601f327dEd5698422/439bb09d4e9321e4.jpg','2021-02-10 10:05:50'),(425,24,'A级-佳沛金奇异果（大）-1份/2个',NULL,'2040785694','/images/f741eac9-e2d3-4297-8f9d-5c6b994f8586.jpg',48,0,37.5,NULL,'https://img10.360buyimg.com/o2o/jfs/t1/161611/17/6077/656669/601f327dE8625c880/e9843eab5d900c69.jpg','2021-02-10 10:05:50'),(426,24,'【整件装】A级-佳沛金奇异果（大）1件/22个',NULL,'2040785771','/images/07882e6b-14c2-4911-ae60-2de263cd1f8d.jpg',4,0,409.8,NULL,'https://img10.360buyimg.com/o2o/jfs/t1/156861/4/9314/656669/601f32fbE3c02c797/9664f9221915b11b.jpg','2021-02-10 10:05:50'),(427,28,'紫衣腰果1罐/约280g',NULL,'2027101543','/images/f08126ee-807c-4def-beb0-008aa5efe16e.jpg',63,0,46.9,58.9,NULL,'2021-02-10 10:05:39'),(428,28,'新疆核桃1份/480-500g',NULL,'2019935508','/images/620aaab2-d80e-428f-9224-bc9c934f748c.jpg',24,2,12.9,NULL,NULL,'2021-02-10 10:05:38'),(429,28,'【会员精选】缤纷果园腰果1盒/6袋',NULL,'2039818158','/images/dd0415a0-f808-4a37-8142-5858a793ffa4.jpg',37,0,59.9,NULL,'https://img10.360buyimg.com/o2o/jfs/t1/152735/11/17321/510707/601b4dfeEa4a57a99/1a2dbdcfa0301c63.jpg','2021-02-09 15:58:07'),(430,28,'【会员精选】白露海拔核桃1袋/约600g',NULL,'2027080255','/images/5f2e9f1e-e8d8-4dbd-a2e7-654de7703c79.jpg',32,1,31.9,NULL,NULL,'2021-02-09 15:58:07'),(431,28,'海拔核桃（大）1份/480-500g',NULL,'2019670931','/images/d1f1bcd2-b82b-4508-b818-b62df1615e21.jpg',10,1,26.8,NULL,'https://eshop-channel-qndns.pagoda.com.cn/material/2019/2/20/75a38cccb9a8ab8d7ed04653f2a202f31550651710951.jpeg','2021-02-09 15:58:06'),(432,28,'紫衣腰果280g2罐/约560g',NULL,'2038444347','/images/9a56fba8-4476-41e0-93c3-b1a7471280f4.jpg',31,0,98.9,NULL,'https://img10.360buyimg.com/o2o/jfs/t1/158201/9/5158/510707/601b5fdfE671a2a35/dafaf8eafbeb28aa.jpg','2021-02-09 15:58:07'),(433,30,'【果篮】温馨家庭果篮1份','以门店实际出货为准','2024286395','/images/ae0e850d-41da-4096-813c-89720bd4fa31.jpg',6,1,219,NULL,'https://img10.360buyimg.com/o2o/jfs/t1/152867/31/16730/182457/60191c34E220d732a/842ae6a1a59e0bb9.jpg','2021-02-10 10:05:39'),(434,30,'【礼盒】花好月圆礼盒1份',NULL,'2028183551','/images/c6153186-b208-4c5e-82e1-227d2dbe94ea.jpg',11,0,179,NULL,'https://img10.360buyimg.com/o2o/jfs/t1/156397/23/8727/182457/60191c38E7b1b9b5c/6ee65b8e47943221.jpg','2021-02-08 11:12:23'),(435,30,'【礼盒】欢聚时光礼盒1盒','以门店实际出货为准','2024286387','/images/c74aebec-241a-4ccd-9306-4ce593a2d78c.jpg',11,1,149,NULL,'https://img10.360buyimg.com/o2o/jfs/t1/167511/36/5373/510707/60191c31Ed85e048b/93ca4ead6fd33d9c.jpg','2021-02-08 11:12:21'),(436,30,'超值套餐二号1份','B级-富士苹果中500g/金果中2个/进口香蕉500g','2028192258','/images/c6952371-8f37-4626-8a66-62b6555337b3.jpg',11,1,35.9,NULL,NULL,'2021-02-08 11:12:23'),(437,30,'补水套餐1份','富士苹果中600g/进口金火龙果1个500g/沙漠蜜瓜1个1.5kg/金果中2个','2028192241','/images/aea588c8-4eca-40bd-b40f-b85934da161f.jpg',11,1,69.9,NULL,NULL,'2021-02-08 11:12:23'),(438,29,'A级-进口樱桃李-1份/220-240g',NULL,'2041231478','/images/91419c27-46f7-4086-a545-71124a072e4c.jpg',8,0,108.8,NULL,'https://img10.360buyimg.com/o2o/jfs/t1/166778/21/5463/510707/601a724aE937eb6be/3358655aa93170a0.jpg','2021-02-10 10:05:54'),(439,29,'A级-进口樱桃李2个/110-120g',NULL,'2041231465','/images/d97dc069-839a-4386-9e45-7bdf913c1e94.jpg',16,0,54.5,NULL,'https://img10.360buyimg.com/o2o/jfs/t1/159585/11/6021/510707/601a6ec1E098ce5c0/37aa382ff6314746.jpg','2021-02-10 10:05:54'),(440,21,'【6.9特惠】B级 - 进口车厘子（小）1份约200g','不仅红得深邃，而且甜得馥郁\n','2040721305','/images/598a9080-04a1-4695-84c6-3a2d28f38a10.jpg',70,13,6.9,15.9,'https://img10.360buyimg.com/o2o/jfs/t1/169382/23/6078/725815/6022b1e9E4e9e9f01/ca839c07e3b34dda.jpg','2021-02-10 15:40:31'),(441,21,'A级-红宝玉草莓（大）-1份/230-250g','红艳如宝石，香味飘满屋','2039498854','/images/595922df-bd95-4578-b446-9046b2f14840.jpg',92,56,25.9,32.9,'https://eshop-channel-qndns.pagoda.com.cn/material/2019/8/30/1a1c465fc37f0bf5e94577740f8516291567144660852.jpeg','2021-02-10 15:40:25'),(442,21,'B级-进口车厘子（小）1份/不少于250g','不仅红得深邃，而且甜得馥郁\n','2040627007','/images/50396a01-e64a-48ab-9c8b-72415af4e76d.jpg',56,13,19.9,25.9,'https://img10.360buyimg.com/o2o/jfs/t1/154106/15/18133/725815/601ffb5aEa74f5a26/de7c7ed7dd4407cd.jpg','2021-02-08 11:12:26'),(443,21,'B级-进口车厘子中（J）1份/200g',NULL,'2040095179','/images/fcaed18b-59d4-4af8-82a0-12eeb454745a.jpg',45,15,28.9,38.9,'https://img10.360buyimg.com/o2o/jfs/t1/158887/18/6661/725815/60215875E45ab86fd/ace27e986b301b92.jpg','2021-02-10 10:05:45'),(444,21,'A级-红宝玉草莓（大）1份/480-500g','红艳如宝石，香味飘满屋','2039498847','/images/ac0d55c7-5ef1-4b31-bc37-3a7b0a791e9b.jpg',46,5,50.9,69.8,'https://eshop-channel-qndns.pagoda.com.cn/material/2019/8/30/1a1c465fc37f0bf5e94577740f8516291567144660852.jpeg','2021-02-10 10:05:43'),(445,21,'B级- 进口车厘子（小）1份/不少于500g','不仅红得深邃，而且甜得馥郁\n','2040697607','/images/ce736043-d4d9-41a9-bc9e-58548475c826.jpg',28,4,38.9,39.9,'https://img10.360buyimg.com/o2o/jfs/t1/165942/23/5627/725815/601ffb5aE53cfadb3/8afd5ccd70a6d10d.jpg','2021-02-08 11:12:27'),(446,21,'A级-小汤山草莓-1份/230-250g',NULL,'2040338573','/images/8b366004-a46b-4721-ab9d-ffb722672a35.jpg',44,7,39.9,49.9,'https://img10.360buyimg.com/o2o/jfs/t1/156571/35/8853/182457/601b6160E76f98594/f2dae536e07154a2.jpg','2021-02-10 10:05:47'),(447,21,'招牌-红芭蕾草莓（大）-1份/230-250g','红艳如宝石，香味飘满屋','2040914490','/images/316393c8-75d9-4064-98c2-02f4dfebe18c.jpg',80,2,32.9,42.9,'https://eshop-channel-qndns.pagoda.com.cn/material/2019/1/18/b3e41c9fac7fb63131c4cdb79a8937111547746474630.jpeg','2021-02-10 10:05:51'),(448,21,'B级 -进口车厘子（小）1件/2.5kg',NULL,'2041238404','/images/87bc3dc7-9b1f-44f1-b0c7-e913e0bc5901.jpg',5,2,169,200.5,'https://img10.360buyimg.com/o2o/jfs/t1/160872/38/6269/725815/6022b207E09977e99/39b3f1ae43c645e6.jpg','2021-02-10 10:05:54'),(449,21,'B级-进口车厘子（大）-1份/230-250g','不仅红得深邃，而且甜得馥郁\n','2040584492','/images/56c97649-05fb-401a-bf88-39017ac22d4c.jpg',28,2,49.9,59.9,'https://img10.360buyimg.com/o2o/jfs/t1/152017/8/17719/623323/6021d839Ef1ba41a1/978ad93eb2713e2c.png','2021-02-10 10:05:47'),(450,21,'【J】B级-进口车厘子中1份/230-250g','智利小红钻，尝鲜正当时，一口一个 甜蜜刚好~','2035017976','/images/28d042fa-df45-4292-b1d8-985ca46a0882.jpg',36,1,35.9,45.9,'https://img10.360buyimg.com/o2o/jfs/t1/170833/12/6188/510707/60215875E20c42f9e/f17426b107aca4c6.jpg','2021-02-10 10:05:41'),(451,21,'招牌-红芭蕾草莓（大）1份/480-500g','红艳如宝石，香味飘满屋','2040914464','/images/1971a286-45fb-42b6-8fbb-ad5ee8191de8.jpg',40,0,65.9,79.9,'https://eshop-channel-qndns.pagoda.com.cn/material/2019/1/18/b3e41c9fac7fb63131c4cdb79a8937111547746474630.jpeg','2021-02-10 10:05:51'),(452,21,'【J】B级- 进口车厘子中1份/480-500g','智利小红钻，尝鲜正当时，一口一个 甜蜜刚好~','2035017968','/images/a1077fa9-83a7-41f1-83a2-e495760807da.jpg',18,2,69.9,79.9,'https://img10.360buyimg.com/o2o/jfs/t1/159270/4/6540/510707/60215875E7f8a2a5b/3ac8355f32e32730.jpg','2021-02-10 10:05:40'),(453,21,'B级-进口车厘子（大）1份/480-500g',NULL,'2040584478','/images/ba37b5ad-48cf-473e-a8fd-c3d1f2db9c9f.jpg',14,0,98.9,NULL,NULL,NULL),(454,21,'A级-小汤山草莓1份/480-500g',NULL,'2040338572','/images/0c273550-0400-4b4c-a42f-e8cc89d25345.jpg',22,0,68.5,NULL,NULL,NULL),(455,21,'B级-进口金车厘子（大）-1份/230-250g',NULL,'2041289358','/images/ebeef0f4-86ae-4109-b437-8aa4ee4b45c7.jpg',4,0,85.9,NULL,'https://img10.360buyimg.com/o2o/jfs/t1/161850/35/4354/879313/600f9f28Ee00dcd14/bcab099d00bc958b.jpg','2021-02-10 10:05:55'),(456,21,'B级-进口金车厘子（大）1份/480-500g',NULL,'2041289355','/images/886e5f73-3da3-4abb-b796-ca63f446cc24.jpg',2,0,172.5,NULL,NULL,NULL),(457,21,'【整件】B级-进口车厘子中（J）1件/5kg',NULL,'2041028768','/images/f1394801-e803-4a80-99f2-10ea3bc4119b.jpg',1,0,568,699,'https://img10.360buyimg.com/o2o/jfs/t1/165736/31/6209/1005718/60215876E77dea82e/dd3ad7b40ffd604f.jpg','2021-02-10 10:05:52'),(458,21,'A级-大芭猫山王榴莲（冷冻）中1个1.9-2.2kg','直采液氮保鲜，解冻即可食用','2028794477','/images/8c6f9e08-f95f-4fa9-8aa8-2706fc3fcae6.jpg',3,0,529.9,NULL,NULL,'2021-02-10 10:05:39'),(459,21,'【整件】B级-进口车厘子（小）1件/5kg','不仅红得深邃，而且甜得馥郁\n','2041028929','/images/260b7c9e-bf22-4a08-8933-453ace0789a1.jpg',2,0,328,400.8,'https://img10.360buyimg.com/o2o/jfs/t1/160870/29/6286/725815/6022b1f3Eae5d0ab6/707ad07ceeb41505.jpg','2021-02-10 10:05:53'),(460,21,'【整件】B级-进口车厘子中（J）-1件/2.5kg',NULL,'2041028774','/images/8063c558-4289-497a-8fe7-89d3e8a3383b.jpg',3,0,289,369,NULL,NULL),(461,21,'A级-大芭猫山王榴莲（冷冻）中-1个1.6-1.8kg',NULL,'2037040981','/images/eb8ac8a5-6a78-4a98-8a11-77b2cff9e3f4.jpg',4,0,433.8,NULL,NULL,NULL),(462,21,'A级 -红宝玉草莓（大）一份约200g',NULL,'2041314070','/images/650c98c0-d3ba-45fc-814e-a78ffbaf9fdd.jpg',115,0,19.8,NULL,NULL,NULL),(463,31,'A级-泰国龙眼（中）-1份/230-250g','泰国小甜心，满足吃货你\n','2035350408','/images/354db4e9-fc24-4a11-b61c-1481cd92db4e.jpg',63,11,7.9,13.9,'https://eshop-channel-qndns.pagoda.com.cn/material/2019/8/14/b0ba69c2d325c2960cda4d8a463093281565777275719.jpeg','2021-02-10 15:40:19'),(464,31,'B级-金桔（中）-1份/230-250g','我的皮都是甜的呢','2039286942','/images/33ebecaf-4d5d-423a-b0b4-2cf3e514310f.jpg',6,9,5.9,7.9,'https://img10.360buyimg.com/o2o/jfs/t1/155050/31/16487/748233/601b5324E6909b869/46f717497980daae.jpg','2021-02-08 10:41:09'),(465,31,'【如有需求请备注】B级-泰国椰青（中）1个/约800g',NULL,'2033934928','/images/144db7d5-379f-4d01-b671-514b452ae288.jpg',52,2,13.9,16.9,'https://eshop-channel-qndns.pagoda.com.cn/material/2019/3/18/68f497703ff093f34964ca08c831f5391552899310349.jpeg','2021-02-08 11:12:23'),(466,31,'A级-进口银火龙果（大）-1个/600-650g','玫瓣裹雪影，芳心含芝粒\n','2027355112','/images/6da3bdae-cd82-404e-aa29-6cdb8ba90602.jpg',1,1,14.9,19.9,NULL,'2021-02-08 11:12:22'),(467,31,'A级-百香果（个）2个','酸酸甜甜的我，和蜂蜜水超搭哦','2023752966','/images/990426a8-0c7f-4b46-a3fe-815c3bd679b5.jpg',8,5,6.9,8.9,NULL,'2021-02-08 11:12:19'),(468,31,'招牌-即食牛油果（中）1个','细腻柔滑，美味百搭小能手\n','2026754656','/images/4d819fa8-8b17-40cc-973b-5a773f8b1742.jpg',24,2,15.9,19.9,'https://eshop-channel-qndns.pagoda.com.cn/material/2019/8/14/4826c28a6579d3e9c5f61e0e3aaf48c51565783163341.png','2021-02-08 11:12:22'),(469,31,'A级-进口银火龙果（中）1个/500-600g',NULL,'2022246004','/images/76323908-84d1-40ca-ada5-60a0f651a646.jpg',3,1,22.9,NULL,NULL,NULL),(470,31,'A级-番石榴（中）-2个/700-800g',NULL,'2028892705','/images/1d69a1ee-21b5-444f-8edc-f5db3b373948.jpg',1,2,11.5,NULL,'https://img10.360buyimg.com/o2o/jfs/t1/142576/9/20252/656669/5fe6a49cEa88c2b95/a4ff24387a9de7a5.jpg','2021-02-10 15:40:18'),(471,31,'B级-雪莲果1份/750-800g',NULL,'2036157728','/images/421eb2fb-b384-451f-824d-a2da07cc998b.jpg',5,1,9.9,NULL,NULL,NULL),(472,31,'A级-泰国龙眼（中）1份/480-500g',NULL,'2035350407','/images/601b62d9-4704-4fba-b6db-48ed4da8e695.jpg',32,1,16.9,19.9,NULL,NULL),(473,31,'【精选】B级-进口金火龙果（中）1个/500-600g',NULL,'2024124512','/images/25d302ad-91a5-484f-a252-83095c172e47.jpg',18,2,14.8,NULL,NULL,NULL),(474,31,'A级-进口银火龙果（大）1个/500-600g','玫瓣裹雪影，芳心含芝粒\n','2027209658','/images/ed9aa8dc-604c-4afe-a3bc-227557b8ff91.jpg',1,1,10.8,NULL,NULL,'2021-02-10 15:40:18'),(475,31,'A级-进口银火龙果（中）-1个/450-500g',NULL,'2025268179','/images/7dae79b5-35f9-4651-8e2a-56d4274d40d8.jpg',4,2,7.5,NULL,NULL,'2021-02-10 15:40:17'),(476,31,'B级-绿玉黄瓜1份/480-500g',NULL,'2041199508','/images/009e5d32-d6fd-4add-91af-5383eacfbadb.jpg',4,0,13.5,NULL,'https://img10.360buyimg.com/o2o/jfs/t1/166952/18/5390/510707/601a7572E29d7de9d/5ad49162d434d596.jpg','2021-02-10 15:40:33'),(477,31,'A级-柠檬王2个',NULL,'2021960093','/images/2416e729-b4aa-430d-80b8-4751aa597c25.jpg',8,1,8.9,11.9,NULL,'2021-02-10 15:40:15'),(478,31,'A级-水果山楂（盒装）1盒/约250g',NULL,'2039050568','/images/a6ea354c-afed-42a8-93ad-7ebc072d7ea3.jpg',11,0,10.9,NULL,'https://img10.360buyimg.com/o2o/jfs/t1/149389/4/12346/510707/5f978d6aEe1d17b83/7da77fb0b64fe4b2.jpg','2021-02-10 15:40:25'),(479,31,'A级- 红肉菠萝蜜（肉）1盒200g',NULL,'2039291013','/images/ab475d28-e1b5-46b5-843a-03e176eb735b.jpg',15,1,20.9,NULL,NULL,NULL),(480,31,'A级-番石榴（中）2个/500-600g',NULL,'2028892700','/images/69003734-be5f-4e04-b282-9f623c13f72c.jpg',1,1,8.5,NULL,'https://img10.360buyimg.com/o2o/jfs/t1/150942/7/12495/656669/5fe6a4b5E977b2ba6/4f939702adf9b31e.jpg','2021-02-10 15:40:18'),(481,31,'B级-雪莲果-1份/850-900g','吃一口香甜脆爽，让生活清透一下','2033913242','/images/b1e0f188-4885-42a2-9364-e452b753a9a5.jpg',4,1,10.9,NULL,'https://img10.360buyimg.com/o2o/jfs/t1/164448/21/5548/816758/601b60dcEaa24b287/44a5cd9e8e971ba2.jpg','2021-02-10 15:40:19'),(482,31,'A级-红肉菠萝蜜（肉）1份/500g',NULL,'2038654563','/images/580f3e10-35ff-4b16-b5f5-6c6d18b32ea0.jpg',6,0,45.5,NULL,'https://img10.360buyimg.com/o2o/jfs/t1/171568/35/5380/656669/601a39f8E23820e42/ac83ba5bd2febc7c.jpg','2021-02-10 15:40:24'),(483,31,'B级-进口金火龙果 （中）1个/600-700g',NULL,'2037323976','/images/edb11703-cd21-4984-b004-d28844018a1a.jpg',15,0,16.9,NULL,NULL,NULL),(484,31,'稀有-125g盒装怡颗莓国产蓝莓王1盒',NULL,'2040763966','/images/29748867-4d52-442c-81b6-1d60a9fccb95.jpg',16,0,36.9,NULL,NULL,NULL),(485,31,'A级-进口蛇果小（个）1个/约200g',NULL,'2029353421','/images/d50892ef-16a0-4abb-af84-a5a91e07ad4a.jpg',3,0,9.5,NULL,NULL,NULL),(486,31,'B级-台湾蜜风铃莲雾（大）1份/500-520g',NULL,'2041175621','/images/493e69ac-ecd9-4ea6-b16d-fc81aa54e758.jpg',3,0,55.5,NULL,NULL,NULL),(487,31,'A级-红肉菠萝蜜（肉）-1份/250g',NULL,'2038654569','/images/496e7c5c-d852-412a-9241-70572c5b5606.jpg',12,0,32.9,NULL,NULL,NULL),(488,31,'A级-进口金菠萝大（个）1个/约1kg',NULL,'2041036868','/images/d679fcfc-9344-44fb-8902-cd358800652e.jpg',16,0,22.8,NULL,NULL,NULL),(489,31,'A级-台湾凤梨释迦（中）1个/650-700g',NULL,'2040035274','/images/34f84fef-ab51-46fa-b9bd-f95002638911.jpg',7,0,47.8,NULL,NULL,NULL),(490,31,'A级-台湾凤梨释迦（中）-1个/500-550g',NULL,'2040035275','/images/bb6837a6-24f0-4a87-987d-061456f97b5c.jpg',9,0,38.9,45.9,NULL,NULL),(491,31,'A级-台湾凤梨（大）1个1.3-1.5kg',NULL,'2040764005','/images/4a489676-162b-4d20-bdc9-81743d4ecd7f.jpg',8,0,47.5,NULL,NULL,NULL),(492,31,'B级-台湾蜜风铃莲雾（大）-2个/220-260g',NULL,'2041175627','/images/2ab62627-dc5d-4369-81b2-4aaa8dda2b60.jpg',7,0,27.8,NULL,NULL,NULL),(493,31,'A级-红肉菠萝蜜（大）1个/9.5-10kg',NULL,'2039050723','/images/a8af3e43-891b-471c-b08a-b8f4fb2251f3.jpg',1,0,385.5,NULL,NULL,NULL),(494,31,'A级-红肉菠萝蜜（大）-1个10-10.5kg',NULL,'2039050874','/images/69954e55-929d-4dfd-b497-8ab76afa0fb4.jpg',1,0,404.5,NULL,NULL,NULL),(495,31,'【维C沛沛】1份/约280g',NULL,'2033003889','/images/c70cfd7e-f04a-4aef-a44d-d1acee1bfdf0.jpg',11,0,39.9,NULL,NULL,NULL),(496,31,'【维C多多】1份/约800g',NULL,'2033003861','/images/1b4f2ed8-dc14-414a-927e-0b732e937a23.jpg',11,0,47.9,NULL,NULL,NULL),(497,31,'【维C满满】1份约/800g',NULL,'2033003884','/images/6c93c26d-31a7-49cc-a763-be21e45127b2.jpg',11,0,39.9,NULL,NULL,NULL),(498,31,'A级-台湾凤梨 （大）1个1.6-1.7kg',NULL,'2040764013','/images/76cc73af-6a94-4313-a617-afcd66f6e3f1.jpg',7,0,54.9,62.9,NULL,NULL),(499,20,'【如有需求请备注】B级-泰国椰青（中）1个/约800g',NULL,'2033934928','/images/2e73a9ff-df4b-438a-80c7-765b5af0df59.jpg',52,2,13.9,16.9,'https://eshop-channel-qndns.pagoda.com.cn/material/2019/3/18/68f497703ff093f34964ca08c831f5391552899310349.jpeg','2021-02-08 11:12:24'),(500,20,'A级-夏威夷木瓜（中）-1个850-900g','迷人不一定要比基尼，吃我也可以\n','2023760546','/images/eb892082-ed24-42f6-8c8c-2106c747fa49.jpg',6,1,25.9,31.9,NULL,'2021-02-08 11:12:20'),(501,20,'招牌-即食牛油果（中）1个','细腻柔滑，美味百搭小能手\n','2026754656','/images/43079386-6192-4e5d-893f-e2759808093b.jpg',24,2,15.9,19.9,'https://eshop-channel-qndns.pagoda.com.cn/material/2019/8/14/4826c28a6579d3e9c5f61e0e3aaf48c51565783163341.png','2021-02-08 11:12:22'),(502,20,'B级-水晶富士苹果（中）-2个/480-560g','咔嚓脆，好美味\n','2025664278','/images/91341dd4-d085-46c0-90f4-cfb2a09ffcf1.jpg',55,4,15.9,18.9,NULL,'2021-02-08 11:12:21'),(503,20,'B级- 进口车厘子（小）1份/不少于500g','不仅红得深邃，而且甜得馥郁\n','2040697607','/images/cfbb06c1-2d9d-4c29-8f9d-6799daad0570.jpg',28,4,38.9,39.9,'https://img10.360buyimg.com/o2o/jfs/t1/165942/23/5627/725815/601ffb5aE53cfadb3/8afd5ccd70a6d10d.jpg','2021-02-08 11:12:28'),(504,20,'A级-泰国龙眼（中）1份/480-500g',NULL,'2035350407','/images/8f85022b-fac6-4e1f-b83c-4bed9d53e9a3.jpg',32,1,16.9,19.9,NULL,NULL),(505,20,'A级-小汤山草莓-1份/230-250g',NULL,'2040338573','/images/35fdfe46-88a4-49d1-915b-45f7fa70eef7.jpg',44,7,39.9,49.9,'https://img10.360buyimg.com/o2o/jfs/t1/156571/35/8853/182457/601b6160E76f98594/f2dae536e07154a2.jpg','2021-02-10 10:05:47'),(506,20,'A级-金美人蜜瓜（中）1个1.1-1.3kg',NULL,'2039818022','/images/52a399dd-61c5-40cd-9554-b091c28019a6.jpg',76,5,34.9,39.9,'https://img10.360buyimg.com/o2o/jfs/t1/161503/39/5566/1038633/601b56afE136a2036/9b9be8646e5946ea.jpg','2021-02-10 15:40:26'),(507,20,'B级-进口车厘子（大）-1份/230-250g','不仅红得深邃，而且甜得馥郁\n','2040584492','/images/c5d22589-17ce-41b5-a1a0-0b2c55bccb86.jpg',28,2,49.9,59.9,'https://img10.360buyimg.com/o2o/jfs/t1/152017/8/17719/623323/6021d839Ef1ba41a1/978ad93eb2713e2c.png','2021-02-10 10:05:48'),(508,20,'A级- 千禧圣女果（中）1份480g-500g',NULL,'2040796996','/images/13a4f10f-ea16-427e-bfb8-f532cd0d9769.jpg',32,0,25.9,31.9,'https://img10.360buyimg.com/o2o/jfs/t1/169872/33/6150/522847/6021fa7bE6275a3e5/27a8b8eaab1961bb.jpg','2021-02-10 15:40:32'),(509,20,'招牌-红芭蕾草莓（大）1份/480-500g','红艳如宝石，香味飘满屋','2040914464','/images/1e313957-32b7-4fc2-ab35-d7e815400d05.jpg',40,0,65.9,79.9,'https://eshop-channel-qndns.pagoda.com.cn/material/2019/1/18/b3e41c9fac7fb63131c4cdb79a8937111547746474630.jpeg','2021-02-10 10:05:51'),(510,20,'【J】B级- 进口车厘子中1份/480-500g','智利小红钻，尝鲜正当时，一口一个 甜蜜刚好~','2035017968','/images/ec858cbf-5ffd-4bf2-9827-849efb177945.jpg',18,2,69.9,79.9,'https://img10.360buyimg.com/o2o/jfs/t1/159270/4/6540/510707/60215875E7f8a2a5b/3ac8355f32e32730.jpg','2021-02-10 10:05:40'),(511,20,'A级-阳光玫瑰青提 (中)1份/480-500g','高颜值的小清新，每一颗都水润多汁，晶莹剔透犹如翡翠','2035743460','/images/60b9a618-a881-4472-a28a-6a7bd1a691e6.jpg',22,1,75.9,86.9,'https://img10.360buyimg.com/o2o/jfs/t1/153821/27/17745/795814/601b6124Eb7b6e9ae/c7cf01d21620822f.jpg','2021-02-10 15:40:20'),(512,20,'招牌-甘美西瓜（中）--半个2.1-2.2kg',NULL,'2037323814','/images/3dbf7fbf-fda8-4892-942d-d6bd172a3587.jpg',1,0,39.9,45.9,'https://eshop-channel-qndns.pagoda.com.cn/material/2019/4/24/317892029421e53ccf39a9d44bddca731556103112567.jpeg','2021-02-10 15:40:22'),(513,20,'A级-台湾凤梨释迦（中）-1个/500-550g',NULL,'2040035275','/images/44f2a7bb-e5b4-4511-9af8-18dcdde5b22d.jpg',9,0,38.9,45.9,NULL,NULL),(514,20,'招牌-东方红苹果（大）-2个/600-680g',NULL,'2026474902','/images/b9b849a4-7095-4077-bc33-86287d5d28b3.jpg',48,1,38.9,43.9,NULL,NULL),(515,20,'A级-台湾凤梨 （大）1个1.6-1.7kg',NULL,'2040764013','/images/41e3c357-722a-4165-b7cf-8eed6951308d.jpg',7,0,54.9,62.9,NULL,NULL),(516,19,'【6.9特惠】B级 - 进口车厘子（小）1份约200g','不仅红得深邃，而且甜得馥郁\n','2040721305','/images/73274e27-3170-43ee-9b7e-2ec8e13ad053.jpg',70,13,6.9,15.9,'https://img10.360buyimg.com/o2o/jfs/t1/169382/23/6078/725815/6022b1e9E4e9e9f01/ca839c07e3b34dda.jpg','2021-02-10 15:40:31'),(517,19,'B级-沙糖桔（中）1份/不少于250g',NULL,'2040417227','/images/fae4cab5-2aed-4eae-b8c3-91df2c1a4f85.jpg',132,42,0.99,6.9,'https://img10.360buyimg.com/o2o/jfs/t1/156798/27/8864/219056/601cb0aaE3cb5e959/c9620172b9d9b441.jpg','2021-02-10 15:40:29'),(518,19,'A级-红宝玉草莓（大）-1份/230-250g','红艳如宝石，香味飘满屋','2039498854','/images/ed3ec506-8606-4f64-9406-a8fba84aff8a.jpg',92,56,25.9,32.9,'https://eshop-channel-qndns.pagoda.com.cn/material/2019/8/30/1a1c465fc37f0bf5e94577740f8516291567144660852.jpeg','2021-02-10 15:40:26'),(519,19,'A级-沃柑（中）2个/300-350g','柑橘界的晚熟大王','2040383807','/images/11822ac8-a432-4cb5-b95b-55a7035ee51e.jpg',157,24,7.9,12.9,'https://eshop-channel-qndns.pagoda.com.cn/material/2019/9/2/13116f96fb8666f67e488af410b2a4e01567411567877.jpeg','2021-02-10 15:40:28'),(520,19,'A级-泰国龙眼（中）-1份/230-250g','泰国小甜心，满足吃货你\n','2035350408','/images/6156a539-a369-4406-af95-7e956229253d.jpg',63,11,7.9,13.9,'https://eshop-channel-qndns.pagoda.com.cn/material/2019/8/14/b0ba69c2d325c2960cda4d8a463093281565777275719.jpeg','2021-02-10 15:40:20'),(521,19,'A级-千禧圣女果（中）1份230g-250g',NULL,'2040796792','/images/72af9c85-41e1-4b22-bd82-80b93cc1523c.jpg',64,5,14.9,17.9,'https://eshop-channel-qndns.pagoda.com.cn/material/2019/9/2/13116f96fb8666f67e488af410b2a4e01567411567877.jpeg','2021-01-15 14:52:50'),(522,19,'A级-克瑞森无核珍珠红-1份/250g',NULL,'2038322808','/images/119fdf46-2165-4184-b492-f665b2040d74.jpg',68,12,14.9,19.9,'https://img10.360buyimg.com/o2o/jfs/t1/156821/7/5563/612119/5ffd066aE0716962e/c4ff30f80e81f1a2.jpg','2021-01-15 14:52:46'),(523,19,'B级-金桔（中）-1份/230-250g','我的皮都是甜的呢','2039286942','/images/e75a236f-80d2-44c1-b132-f2eeb7896ba9.jpg',6,9,5.9,7.9,'https://img10.360buyimg.com/o2o/jfs/t1/155050/31/16487/748233/601b5324E6909b869/46f717497980daae.jpg','2021-02-08 10:41:11'),(524,19,'A级-进口银火龙果（大）-1个/600-650g','玫瓣裹雪影，芳心含芝粒\n','2027355112','/images/d4396014-b043-4236-9742-5df01c07ea31.jpg',1,1,14.9,19.9,NULL,'2021-02-08 11:12:23'),(525,19,'招牌-冰糖梨大（南水）1个/340-360g','玫瓣裹雪影，芳心含芝粒\n','2040382384','/images/79152fc7-3345-4c2a-b9c4-a3721d1ee33d.jpg',13,4,15.9,21.9,NULL,'2021-02-08 11:12:25'),(526,19,'A级-百香果（个）2个','酸酸甜甜的我，和蜂蜜水超搭哦','2023752966','/images/d2493373-2d3b-436c-9015-c22a76d3d3d9.jpg',8,5,6.9,8.9,NULL,'2021-02-08 11:12:20'),(527,19,'B级-125g盒装进口蓝莓（中）1盒/约125g','酸酸甜甜的我，和蜂蜜水超搭哦','2036865236','/images/028bd25e-baf0-4c43-a46f-ac18bcf1413f.jpg',52,2,18.9,23.9,NULL,'2021-02-08 11:12:24'),(528,19,'B级-沙糖桔（中）-1份/不少于500g',NULL,'2040417226','/images/51c2054a-84dd-48d0-9287-ce275f588f80.jpg',66,22,7.9,10.9,'https://img10.360buyimg.com/o2o/jfs/t1/168910/38/5596/219056/601cb0aaE131d2d95/a7c9c61d974cae72.jpg','2021-02-08 11:12:25'),(529,19,'B级-进口车厘子（小）1份/不少于250g','不仅红得深邃，而且甜得馥郁\n','2040627007','/images/0c0fbc2d-bacd-42ad-aaa4-715bf7c5b311.jpg',56,13,19.9,25.9,'https://img10.360buyimg.com/o2o/jfs/t1/154106/15/18133/725815/601ffb5aEa74f5a26/de7c7ed7dd4407cd.jpg','2021-02-08 11:12:27'),(530,19,'A级- 阳光玫瑰青提 (中)1份/230-250g',NULL,'2035743461','/images/6bf3fdb7-6aac-4ad9-993c-7c2ea296b917.jpg',44,5,38.9,49.9,NULL,NULL),(531,19,'B级-进口车厘子中（J）1份/200g',NULL,'2040095179','/images/ff6eba80-f463-4faa-b85d-cc85f00caed4.jpg',45,15,28.9,38.9,'https://img10.360buyimg.com/o2o/jfs/t1/158887/18/6661/725815/60215875E45ab86fd/ace27e986b301b92.jpg','2021-02-10 10:05:46'),(532,19,'A级-红宝玉草莓（大）1份/480-500g','红艳如宝石，香味飘满屋','2039498847','/images/923ae7bf-8e52-407f-a1d4-315850e62e99.jpg',46,5,50.9,69.8,'https://eshop-channel-qndns.pagoda.com.cn/material/2019/8/30/1a1c465fc37f0bf5e94577740f8516291567144660852.jpeg','2021-02-10 10:05:44'),(533,19,'招牌-红芭蕾草莓（大）-1份/230-250g','红艳如宝石，香味飘满屋','2040914490','/images/54c3dcff-fce4-4186-b6d5-02c1081d6242.jpg',80,2,32.9,42.9,'https://eshop-channel-qndns.pagoda.com.cn/material/2019/1/18/b3e41c9fac7fb63131c4cdb79a8937111547746474630.jpeg','2021-02-10 10:05:52'),(534,19,'A级-柠檬王2个',NULL,'2021960093','/images/834f8d7b-b218-4204-942d-a5ab7fa3fc0c.jpg',8,1,8.9,11.9,NULL,'2021-02-10 15:40:16'),(535,19,'B级 -进口车厘子（小）1件/2.5kg',NULL,'2041238404','/images/24a111d6-81a3-4743-874a-8b8b291b855d.jpg',5,2,169,200.5,'https://img10.360buyimg.com/o2o/jfs/t1/160872/38/6269/725815/6022b207E09977e99/39b3f1ae43c645e6.jpg','2021-02-10 10:05:55'),(536,19,'【J】B级-进口车厘子中1份/230-250g','智利小红钻，尝鲜正当时，一口一个 甜蜜刚好~','2035017976','/images/cafdcf1f-f84f-491e-ba34-84384e04675e.jpg',36,1,35.9,45.9,'https://img10.360buyimg.com/o2o/jfs/t1/170833/12/6188/510707/60215875E20c42f9e/f17426b107aca4c6.jpg','2021-02-10 10:05:41'),(537,19,'A级-佳沛金奇异果（大）1个',NULL,'2040785621','/images/10e0220b-b86e-4b41-990f-573056b5ef65.jpg',96,0,19.9,25.9,'https://img10.360buyimg.com/o2o/jfs/t1/171104/38/5912/656669/601f327dE93859b1e/6562db7177f11b7f.jpg','2021-02-10 10:05:49'),(538,19,'【整件】B级-进口车厘子中（J）1件/5kg',NULL,'2041028768','/images/e83207f5-4298-4ab5-9bb0-ca2e06ab1c5a.jpg',1,0,568,699,'https://img10.360buyimg.com/o2o/jfs/t1/165736/31/6209/1005718/60215876E77dea82e/dd3ad7b40ffd604f.jpg','2021-02-10 10:05:52'),(539,19,'【整件】B级-进口车厘子（小）1件/5kg','不仅红得深邃，而且甜得馥郁\n','2041028929','/images/2f79ebb5-2979-44c0-80c6-aa64d0786e53.jpg',2,0,328,400.8,'https://img10.360buyimg.com/o2o/jfs/t1/160870/29/6286/725815/6022b1f3Eae5d0ab6/707ad07ceeb41505.jpg','2021-02-10 10:05:53'),(540,19,'【整件】B级-进口车厘子中（J）-1件/2.5kg',NULL,'2041028774','/images/dfdf4a73-4952-4a70-a0ba-8256f70e6ae4.jpg',3,0,289,369,NULL,NULL),(541,23,'B级-沙糖桔（中）1份/不少于250g',NULL,'2040417227','/images/067e9b00-9522-4c2c-9de8-b1afc4ca9731.jpg',132,42,0.99,6.9,'https://img10.360buyimg.com/o2o/jfs/t1/156798/27/8864/219056/601cb0aaE3cb5e959/c9620172b9d9b441.jpg','2021-02-10 15:40:30'),(542,23,'A级-沃柑（中）2个/300-350g','柑橘界的晚熟大王','2040383807','/images/6af1ddf1-e673-4b9b-a3d2-4b7331fc52dc.jpg',157,24,7.9,12.9,'https://eshop-channel-qndns.pagoda.com.cn/material/2019/9/2/13116f96fb8666f67e488af410b2a4e01567411567877.jpeg','2021-02-10 15:40:29'),(543,23,'A级-西柚中（个）1个/约300g','see you每一天，活力多一点','2028672250','/images/aabb5456-9d88-496e-b97f-84462368650c.jpg',16,4,13.5,NULL,'https://img10.360buyimg.com/o2o/jfs/t1/159951/23/6087/656669/601b634eEfd784067/1e4936b44245b51c.jpg','2021-02-10 17:17:56'),(544,23,'B级-沙糖桔（中）-1份/不少于500g',NULL,'2040417226','/images/f60fa1f9-a321-4b48-924f-546a2e35a7b4.jpg',66,22,7.9,10.9,'https://img10.360buyimg.com/o2o/jfs/t1/168910/38/5596/219056/601cb0aaE131d2d95/a7c9c61d974cae72.jpg','2021-02-08 11:12:26'),(545,23,'B级-耙耙柑（中）1份/700-750g',NULL,'2040584501','/images/d6cb0da0-6887-459d-a258-4816f5255735.jpg',62,5,17.9,25.9,NULL,NULL),(546,23,'B级-耙耙柑（中）-1份/1-1.1kg',NULL,'2040584509','/images/75f29a73-67e9-4834-9f2b-d9b30a775b79.jpg',42,0,24.5,NULL,'https://img10.360buyimg.com/o2o/jfs/t1/155230/4/17168/533751/601a7675E4e42fcdd/5cf715b55bf6ce0a.jpg','2021-02-10 15:40:30'),(547,23,'A级-高乐蜜芒果（中）1个/350-400g','果如其名，我会让你高兴快乐哦','2040370956','/images/c50b1e13-df75-4309-9cdd-a5226cdb6975.jpg',5,0,15.5,NULL,'https://img10.360buyimg.com/o2o/jfs/t1/170164/23/5455/985033/601a3bd6Edaf16483/770d08a3bc78115b.jpg','2021-02-10 17:17:57'),(548,23,'A级-慈山柚（中）-1个1.1-1.2kg',NULL,'2041289424','/images/073d8431-ccab-4e9a-9786-281aecbefe8e.jpg',80,1,21.9,NULL,NULL,NULL),(549,23,'B级-金桔（中）1份/480-500g',NULL,'2039286941','/images/f3471b27-79ec-4c3a-918c-f1b9c79bd23d.jpg',4,2,9.8,NULL,NULL,NULL),(550,23,'A级-高乐蜜芒果（中）-1个/500-550g',NULL,'2040370959','/images/f4e70144-a5d6-4ae8-a911-be1be2682034.jpg',3,0,20.9,NULL,NULL,NULL),(551,23,'A级-沃柑（中）-1份850-870g',NULL,'2040383805','/images/e7b770b6-21bb-44bb-81bf-212ad92e9c8a.jpg',63,0,17.8,NULL,NULL,NULL),(552,23,'B级-沃柑（中）-1份/550-600g',NULL,'2040046275','/images/d8532a26-e654-4051-89d4-5ad9c55f30a3.jpg',140,0,7.9,NULL,NULL,NULL),(553,23,'A级-大金煌芒-1个/700-800g',NULL,'2039350182','/images/69d429b9-a211-4960-a138-a35598217108.jpg',5,0,43.5,NULL,NULL,NULL),(554,23,'A级-慈山柚（中）1个/1-1.1kg',NULL,'2041289420','/images/a5804a92-1c9b-41fd-b08c-8acbda89dcbb.jpg',88,0,19.9,NULL,NULL,NULL),(555,23,'招牌-中华桔柚（中）-1份/1-1.1kg',NULL,'2041289391','/images/c88c82dd-a7f5-46a8-aa0e-d9b10ffa43e7.jpg',9,0,29.9,NULL,'https://img10.360buyimg.com/o2o/jfs/t1/163305/12/5220/510707/601a75e7E429a2d52/630dc8426831f063.jpg','2021-02-10 17:17:58'),(556,23,'招牌-中华桔柚（中）2个/500-560g',NULL,'2041289390','/images/30a54aa3-0573-4c60-bd75-b50a1c768b34.jpg',17,0,14.9,NULL,NULL,NULL),(557,23,'A级-大金煌芒1个/800-900g',NULL,'2039350146','/images/09a2e443-7e44-47be-a53f-d8cfc2938de1.jpg',4,0,48.9,NULL,NULL,NULL),(558,23,'B级-沃柑（中）1份/1-1.1kg',NULL,'2040046260','/images/edf91d40-3181-43d1-a893-c1f88a453827.jpg',76,0,14.9,NULL,NULL,NULL),(559,23,'招牌-王品山地橙（小）1份/1-1.1kg',NULL,'2041317839','/images/3be318e9-8eff-401d-b125-75f059f49dbb.jpg',5,0,24.8,NULL,NULL,NULL),(560,23,'招牌-王品山地橙（小）-2个/330-360g',NULL,'2041317843','/images/da0f5ad6-bf0c-43d4-9773-43a6ccd5544a.jpg',16,0,7.9,NULL,NULL,NULL),(561,27,'招牌-冰糖梨大（南水）1个/340-360g','玫瓣裹雪影，芳心含芝粒\n','2040382384','/images/039ffca6-30e7-47b4-bb54-e106cb469793.jpg',13,4,15.9,21.9,NULL,'2021-02-08 11:12:25'),(562,27,'A级-进口爱妃苹果中（个）1个/约210g',NULL,'2022219092','/images/cd7efdb1-f67f-4e99-bf78-21ffb08e546f.jpg',8,2,16.9,NULL,NULL,NULL),(563,27,'招牌-东方红苹果（大）2个/680-720g',NULL,'2020518098','/images/fe0c6ea6-0002-4120-9e45-105caf69ce0e.jpg',45,1,33.8,NULL,NULL,NULL),(564,27,'A级-乐淇苹果（5个装）1条',NULL,'2024337249','/images/a302e98a-bbaa-4ce1-8305-27234c95b344.jpg',9,1,56.9,NULL,NULL,NULL),(565,27,'B级-孔雀河畔香梨（中）1份/480-500g',NULL,'2040584358','/images/8609aec6-8e50-4594-af6c-693127c19583.jpg',8,3,9.5,NULL,NULL,NULL),(566,27,'B级-水晶富士苹果（中）-2个/480-560g','咔嚓脆，好美味\n','2025664278','/images/5cacd8f0-a179-447d-b862-d44200e647f2.jpg',55,4,15.9,18.9,NULL,'2021-02-08 11:12:21'),(567,27,'A级-花牛苹果（中）2个/500-550g',NULL,'2038314253','/images/8c2f2d2d-58b7-4e5c-b459-a2326cb477ab.jpg',18,1,11.9,NULL,NULL,NULL),(568,27,'【会员精选】A级-母香梨（大）1份/500-520g',NULL,'2038470247','/images/373c928f-a6f6-4b59-9857-953660c05b7a.jpg',17,1,18.9,NULL,NULL,NULL),(569,27,'招牌-冰糖梨大 （南水）2个/800-860g',NULL,'2040691994','/images/aac5cf52-a4b5-402c-98c0-956f3c4ed592.jpg',5,1,31.8,NULL,NULL,NULL),(570,27,'B级-孔雀河畔香梨（中）-1份/1kg',NULL,'2040584361','/images/49d3b599-62b2-45b5-9241-39eac6cb5652.jpg',4,0,18.8,NULL,NULL,NULL),(571,27,'B级-水晶富士苹果（中）1份/700-750g',NULL,'2023850111','/images/1e8b0304-9646-4bf7-91ab-06ba3266d03c.jpg',41,1,14.5,NULL,NULL,NULL),(572,27,'A级-进口青苹果中（个）2个',NULL,'2023849842','/images/2493f2de-a49c-4872-8597-6cd66c011c7e.jpg',3,1,19.5,NULL,NULL,NULL),(573,27,'招牌-冰糖梨大（南水）-2个/680-720g',NULL,'2040382388','/images/22350dab-2093-4076-acb1-122214615f9f.jpg',6,0,26.5,NULL,NULL,NULL),(574,27,'A级-花牛苹果（中）-1份/1-1.1kg',NULL,'2038314254','/images/ff19e6ea-20b3-44f2-9bdd-3b06d621a43f.jpg',9,0,24.5,NULL,NULL,NULL),(575,27,'招牌-良枝苹果（中）2个/450-500g',NULL,'2040096490','/images/d024e852-509f-40e1-99b1-baa4083c3fb3.jpg',6,0,16.9,22.9,NULL,NULL),(576,27,'【会员精选】B级-水晶富士（中）1份1.5-1.6kg',NULL,'2030431694','/images/5672f156-656a-4b91-9738-bc97d5be5420.jpg',19,1,30.9,NULL,NULL,NULL),(577,27,'【礼盒】招牌-东方红苹果6斤装1份/3kg',NULL,'2026712871','/images/63a08615-d469-419f-bd62-2b00cab2ff19.jpg',11,1,139,NULL,NULL,NULL),(578,27,'招牌-东方红苹果（大）-2个/600-680g',NULL,'2026474902','/images/5bf816a2-d473-4013-a4c1-b2de34ad3d5e.jpg',48,1,38.9,43.9,NULL,NULL),(579,27,'A级-母香梨（大）-1份/1kg',NULL,'2038470248','/images/a2370e17-b8f9-4e2a-ac84-274903453a13.jpg',9,0,36.9,NULL,NULL,NULL),(580,27,'招牌-良枝苹果（中）-1份/1-1.1kg',NULL,'2040096499','/images/d8a85530-f02f-4150-bcdb-9617f91a9807.jpg',2,0,49.9,NULL,NULL,NULL),(581,27,'A级-进口加力果中（个）-1份/2个',NULL,'2041175994','/images/97f26690-f442-4fea-884f-fa4c6e38d1e0.jpg',12,0,20.9,NULL,NULL,NULL),(582,27,'A级-进口加力果中（个）1个',NULL,'2041175987','/images/45b26cf3-c390-4138-8e91-08e3ad972908.jpg',24,0,10.5,NULL,NULL,NULL),(583,26,'A级-千禧圣女果（中）1份230g-250g',NULL,'2040796792','/images/767c36d7-43d8-4965-9b0a-fe015d19c37d.jpg',64,5,14.9,17.9,'https://img10.360buyimg.com/o2o/jfs/t1/154883/25/12177/522847/5fe974b2E25b83dc0/a52400ac21d2144f.jpg','2021-01-15 14:52:50'),(584,26,'A级-克瑞森无核珍珠红-1份/250g',NULL,'2038322808','/images/f1196524-1c80-46c9-8fac-c74f50b4f15e.jpg',68,12,14.9,19.9,'https://img10.360buyimg.com/o2o/jfs/t1/156821/7/5563/612119/5ffd066aE0716962e/c4ff30f80e81f1a2.jpg','2021-01-15 14:52:46'),(585,26,'B级-125g盒装进口蓝莓（中）1盒/约125g','酸酸甜甜的我，和蜂蜜水超搭哦','2036865236','/images/67037632-a172-45bc-8f3e-99cac2b3b4c3.jpg',52,2,18.9,23.9,NULL,'2021-02-08 11:12:24'),(586,26,'B级-国产红提（中）-1份/230-250g',NULL,'2035617279','/images/e818aff3-6754-437b-8e39-ea3c804a0823.jpg',12,3,13.9,NULL,NULL,NULL),(587,26,'A级- 阳光玫瑰青提 (中)1份/230-250g',NULL,'2035743461','/images/35814947-397f-4ef7-b2bd-270906c342e9.jpg',44,5,38.9,49.9,NULL,NULL),(588,26,'B级-无核夏黑葡萄-1份/230-250g',NULL,'2040833005','/images/30ca45f7-2e00-4cce-b260-ca722b747a73.jpg',36,0,17.9,NULL,NULL,NULL),(589,26,'A级-克瑞森无核珍珠红1份/500g',NULL,'2038322804','/images/117e22dc-df41-486f-acfb-21afcbc8b503.jpg',34,2,27.5,NULL,'https://img10.360buyimg.com/o2o/jfs/t1/154157/36/16437/612119/601b5978E36296d6d/93075d8d48f2f2ca.jpg','2021-02-10 15:40:24'),(590,26,'A级- 千禧圣女果（中）1份480g-500g',NULL,'2040796996','/images/d73d6785-cc5f-482b-a16c-813d8d1759a2.jpg',32,0,25.9,31.9,'https://img10.360buyimg.com/o2o/jfs/t1/169872/33/6150/522847/6021fa7bE6275a3e5/27a8b8eaab1961bb.jpg','2021-02-10 15:40:32'),(591,26,'B级-无核夏黑葡萄1份/480-500g','一颗一颗靠得近，抱在一起超甜蜜','2040833003','/images/32202035-fd49-468f-86b5-4dca72869c00.jpg',18,0,22.8,NULL,'https://eshop-channel-qndns.pagoda.com.cn/material/2019/3/12/d4763cc10cefd0efac79d770aa76bfdf1552382094536.jpeg','2021-02-10 15:40:32'),(592,26,'A级-阳光玫瑰青提 (中)1份/480-500g','高颜值的小清新，每一颗都水润多汁，晶莹剔透犹如翡翠','2035743460','/images/968fec6d-92b2-4ee4-8b85-6649cc458d06.jpg',22,1,75.9,86.9,'https://img10.360buyimg.com/o2o/jfs/t1/153821/27/17745/795814/601b6124Eb7b6e9ae/c7cf01d21620822f.jpg','2021-02-10 15:40:20'),(593,26,'B级-黑莓1盒/约120g','果中黑钻石，粒粒好滋味','2035831145','/images/8c3baae1-8908-48d7-9265-42aba88e9e18.jpg',17,0,22.8,NULL,'https://img10.360buyimg.com/o2o/jfs/t1/152390/40/18049/656669/6023494dE0f04a406/5da17c1a4412f375.jpg','2021-02-10 15:40:21'),(594,25,'B级-翠蜜香瓜1个/350-400g',NULL,'2023760705','/images/d67bf3f1-19e8-463d-913b-fdc6e7fb0914.jpg',12,6,17.9,NULL,NULL,'2021-02-10 15:40:16'),(595,25,'A级-夏威夷木瓜（中）-1个850-900g','迷人不一定要比基尼，吃我也可以\n','2023760546','/images/1901edc7-0ebe-4f1b-bdba-b80aa00ca5a5.jpg',6,1,25.9,31.9,NULL,'2021-02-08 11:12:20'),(596,25,'B级- 沙漠蜜瓜1个1.1-1.3kg','如需切块请备注，去皮后重量减少\n场景类：清凉的蜜汁，赶走火锅的油腻','2039089471','/images/04d0e3ff-24f9-45ca-9dcd-71d39cefcd27.jpg',3,3,29.5,NULL,'https://img10.360buyimg.com/o2o/jfs/t1/162030/12/5574/656669/601b6286E514c7a31/4d2f80d0c959bb7c.jpg','2021-02-10 10:05:42'),(597,25,'B级-翠蜜香瓜-1个/250-270g',NULL,'2023760768','/images/1e80155c-54a6-4767-9623-8a35499238ab.jpg',18,1,7.9,NULL,NULL,'2021-02-10 15:40:16'),(598,25,'A级-金美人蜜瓜（中）1个1.1-1.3kg',NULL,'2039818022','/images/628b9a2c-133a-41ec-9549-5c420ea3fe27.jpg',76,5,34.9,39.9,'https://img10.360buyimg.com/o2o/jfs/t1/161503/39/5566/1038633/601b56afE136a2036/9b9be8646e5946ea.jpg','2021-02-10 15:40:27'),(599,25,'【1个】B级-麒麟瓜（大）-1个3.8-4.1kg','多汁脆甜，清凉从舌尖开始流淌\n','2027105216','/images/78c0feec-8371-4222-b577-411c7c8c444d.jpg',9,1,60.9,NULL,NULL,'2021-02-10 15:40:17'),(600,25,'A级-金美人蜜瓜（中）-半个/750-850g',NULL,'2039818025','/images/a97f6f0a-0a9f-4453-8b5d-ba2670bb16d3.jpg',116,1,26.9,NULL,'https://img10.360buyimg.com/o2o/jfs/t1/162214/34/5595/1038633/601b6399E840cda35/0d2c2ada154487de.jpg','2021-02-10 15:40:27'),(601,25,'【半个装】B级-麒麟瓜（大）带皮2.5-2.6kg','多汁脆甜，清凉从舌尖开始流淌\n','2027105220','/images/2b858f88-5243-449d-94b5-b2d2ec2f5ba3.jpg',15,1,38.5,NULL,NULL,'2021-02-10 15:40:18'),(602,25,'B级-沙漠蜜瓜1个1.5-1.7kg','如需切块请备注，去皮后重量减少\n场景类：清凉的蜜汁，赶走火锅的油腻','2037765801','/images/673bf760-7f91-402d-b41d-33504f86b55d.jpg',2,1,45.9,NULL,'https://img10.360buyimg.com/o2o/jfs/t1/167516/27/5687/656669/6020dfd9Ee01a8d8d/9ec570dc5d0401b5.jpg','2021-02-10 15:40:23'),(603,25,'A级-玫珑蜜瓜（中）--半个/650-750g',NULL,'2040142304','/images/17f647ce-ec97-4fcc-9918-20d17a0df687.jpg',33,0,35.9,NULL,'https://img10.360buyimg.com/o2o/jfs/t1/167439/37/5349/510707/601a5a6dE96742233/482605ce28217844.jpg','2021-02-10 15:40:28'),(604,25,'【1个】B级-麒麟瓜（大）1个/5-5.2kg','多汁脆甜，清凉从舌尖开始流淌\n','2027105208','/images/8b39b766-fb9b-4736-b264-15358bedd718.jpg',7,1,77.5,NULL,NULL,'2021-02-10 15:40:17'),(605,25,'招牌-甘美西瓜（中）--半个2.1-2.2kg',NULL,'2037323814','/images/540f3725-5dd2-464f-9eb4-e0a20bcce6bd.jpg',1,0,39.9,45.9,'https://eshop-channel-qndns.pagoda.com.cn/material/2019/4/24/317892029421e53ccf39a9d44bddca731556103112567.jpeg','2021-02-10 15:40:23'),(606,25,'A级-玫珑蜜瓜（中）1个1.3-1.5kg',NULL,'2040142301','/images/0ba9d80d-f460-4cd2-ae2b-0addd85c4018.jpg',16,1,59.9,NULL,'https://img10.360buyimg.com/o2o/jfs/t1/151538/39/17254/510707/601a5a6cE7c09f2a3/81d9f0c2b9bcb78e.jpg','2021-02-10 15:40:27'),(607,25,'A级-金美人蜜瓜 （中）1个1.5-1.7kg',NULL,'2041143723','/images/3e094a32-e89d-45ae-b869-908e33cf3a88.jpg',58,0,53.9,NULL,'https://img10.360buyimg.com/o2o/jfs/t1/156880/28/8861/1038633/601b56afEa7752f76/d3e0b5e321249a01.jpg','2021-02-10 15:40:33'),(608,25,'A级-玫珑蜜瓜（中）-1个1.6-1.7kg',NULL,'2040142302','/images/0e19050d-e970-4d29-aed6-6c6fd5224a3b.jpg',14,0,53.9,NULL,'https://img10.360buyimg.com/o2o/jfs/t1/170993/17/5392/510707/601a5a6dEec9b973b/8b49b348deb7eb3a.jpg','2021-02-10 15:40:28'),(609,25,'招牌-甘美西瓜（中）-1个3.7-3.9kg',NULL,'2037323810','/images/bec863b3-64bc-452f-b1b3-994c4502beb5.jpg',1,0,78.9,NULL,'https://eshop-channel-qndns.pagoda.com.cn/material/2019/4/24/317892029421e53ccf39a9d44bddca731556103112567.jpeg','2021-02-10 15:40:21'),(610,25,'A级-夏威夷木瓜（中）--1个/900-950g','迷人不一定要比基尼，吃我也可以\n','2037037693','/images/f7638ec3-4ee4-43c5-af55-6537c2bc0d69.jpg',6,0,24.9,NULL,'https://eshop-channel-qndns.pagoda.com.cn/material/2019/8/15/71b3ec7adb2fee254da550a9b660326d1565848238263.jpeg','2021-02-10 15:40:21');

/*Table structure for table `product_cate` */

DROP TABLE IF EXISTS `product_cate`;

CREATE TABLE `product_cate` (
  `id` int(11) NOT NULL AUTO_INCREMENT,
  `cat_name` varchar(50) DEFAULT NULL,
  `img_url` varchar(100) DEFAULT NULL,
  `sort` int(3) DEFAULT NULL,
  PRIMARY KEY (`id`)
) ENGINE=InnoDB AUTO_INCREMENT=55 DEFAULT CHARSET=utf8;

/*Data for the table `product_cate` */

insert  into `product_cate`(`id`,`cat_name`,`img_url`,`sort`) values (19,'秒杀',NULL,3),(20,'直降',NULL,2),(21,'榴莲车厘草莓',NULL,1),(22,'下午茶',NULL,2),(23,'芒橙柑柚',NULL,3),(24,'佳沛专区',NULL,4),(25,'西瓜蜜瓜',NULL,6),(26,'葡提浆果',NULL,7),(27,'苹果蕉梨',NULL,8),(28,'干果果汁',NULL,9),(29,'桃李杏枣',NULL,10),(30,'果篮礼盒',NULL,11),(31,'百果大全',NULL,12);

/*Table structure for table `product_image` */

DROP TABLE IF EXISTS `product_image`;

CREATE TABLE `product_image` (
  `id` int(11) NOT NULL AUTO_INCREMENT,
  `product_id` int(11) DEFAULT NULL,
  `image` varchar(100) DEFAULT NULL,
  PRIMARY KEY (`id`)
) ENGINE=InnoDB AUTO_INCREMENT=455 DEFAULT CHARSET=utf8;

/*Data for the table `product_image` */

insert  into `product_image`(`id`,`product_id`,`image`) values (181,463,'/images/0140fd31-4912-4641-8a28-05da21b1dd53.jpg'),(182,463,'/images/7322066d-70ec-491c-b4d9-52692b4d105d.jpg'),(183,463,'/images/7f4af1bb-3db3-4ff1-9878-f4c0cf816136.jpg'),(184,520,'/images/4c858bdb-f89c-4c34-b9e8-f778dc9046b1.jpg'),(185,520,'/images/92d71c79-9b78-4404-b9f6-0ea4f7692e71.jpg'),(186,520,'/images/0406ec81-c015-4f7a-9242-f4af0ed1a972.jpg'),(187,522,'/images/ae218fc0-adaf-4659-9af3-1e19ab55634e.jpg'),(188,584,'/images/1eef29f8-f89a-49f2-aac0-4c45d35244cf.jpg'),(189,441,'/images/4a054505-ba11-4e42-aba1-2be843f8e0aa.jpg'),(190,441,'/images/e6664942-50dd-4bad-9c63-6d41dabb71fc.jpg'),(191,441,'/images/b118c4e3-a073-4810-8582-660a8364a1a3.jpg'),(192,518,'/images/e451c356-bc68-4aa8-a872-ad21bca34d45.jpg'),(193,518,'/images/870583f4-1a01-42db-8c04-fdf700b65574.jpg'),(194,518,'/images/0ce82e20-ab25-43ed-8711-e2c67f1f5680.jpg'),(195,519,'/images/504409ca-9357-4d66-ac16-395c0e04ef39.jpg'),(196,519,'/images/0cd47f2f-985d-4275-91a6-8b3f9446c22f.jpg'),(197,519,'/images/1ca9e937-305a-4d70-b338-4159df2ff31e.jpg'),(198,542,'/images/1754db23-da3b-4e0a-88a1-e795c8ed445b.jpg'),(199,542,'/images/bc619516-06dd-40b2-8f40-f4e5301fc9f5.jpg'),(200,542,'/images/a4ab1194-af3d-4bf6-9378-790889968acf.jpg'),(201,517,'/images/1fa17a37-4446-442a-9ed7-7de0ac844982.jpg'),(202,517,'/images/92e7c2bd-f46c-43b1-82bf-7ead70913637.jpg'),(203,517,'/images/a598b33b-14c9-4695-8726-bdeb297f0d19.jpg'),(204,541,'/images/c69af27c-95b2-49ee-84c5-9c29021dfc36.jpg'),(205,541,'/images/d0b1faf2-62d9-484e-8f90-ae5b3c2e5c05.jpg'),(206,541,'/images/fbc7c3b6-3e97-4421-8efe-bf1be08883b9.jpg'),(207,440,'/images/0caf3d65-868d-437b-a771-906fb70a1000.jpg'),(208,440,'/images/cbd203ac-c07f-4513-8818-24513ea67b4a.jpg'),(209,440,'/images/3d52d1ab-558c-4cb9-8a8b-8e3ad9724cf3.jpg'),(210,440,'/images/55ad513e-6009-440d-a16b-852487141454.jpg'),(211,516,'/images/8e9e6f39-9fc6-4e55-8df6-4317395c0108.jpg'),(212,516,'/images/063bd68c-aea3-449f-bd95-453e3bfeab37.jpg'),(213,516,'/images/6a51081e-afe7-4f34-a8e5-d4e6548afbc7.jpg'),(214,516,'/images/e444628e-5ff5-4865-a11a-d660fe12677b.jpg'),(215,521,'/images/38884ab1-a719-4154-8b44-d59e9ef093e5.jpg'),(216,583,'/images/52f51d5b-88b2-415d-8620-7daa3e673e6a.jpg'),(217,464,'/images/2dafeb84-8235-4b17-abac-d8c44e891bda.jpg'),(218,523,'/images/dc7b32a0-cbf3-4a01-b080-af7e4c400902.jpg'),(219,435,'/images/53c692bd-d45d-46aa-a82b-5e8976239f78.jpg'),(220,433,'/images/f59d6046-b7ac-4239-8b92-943fd7768a36.jpg'),(221,468,'/images/09b257d2-b04e-4e59-8bda-b17354e286ef.jpg'),(222,501,'/images/56c3f924-679e-4c12-8866-b1ea976cff71.jpg'),(223,434,'/images/c7acede6-0abe-4dd7-99ac-2232565f31ee.jpg'),(224,465,'/images/d955a6bc-aeec-4ef2-9c90-d8e802f6d8b3.jpg'),(225,499,'/images/a96fe736-f568-4af9-a9fd-c849b4683f05.jpg'),(226,528,'/images/857d403b-3fab-4957-abe0-9314fc6adad5.jpg'),(227,528,'/images/f7c69449-5d3a-4691-9585-13c75b75d173.jpg'),(228,528,'/images/98538fdf-31ec-478d-92ac-b6142a836371.jpg'),(229,544,'/images/28dc43f8-febb-4a4c-97f7-49ab529a7f10.jpg'),(230,544,'/images/c4a1aabe-110a-4789-8419-94c4d8c1a5b8.jpg'),(231,544,'/images/cdcf7dd1-f6b0-4b36-9b41-1d70c448413f.jpg'),(232,442,'/images/a27a768c-833e-4e36-a2af-9a3ffe80f513.jpg'),(233,442,'/images/59776c5e-073f-476e-b482-5ee59561812f.jpg'),(234,442,'/images/38328c4b-b93b-432a-afd7-93e69a931eb2.jpg'),(235,529,'/images/2420eb73-7883-4177-821c-4884dc081237.jpg'),(236,529,'/images/a4481e71-b360-44ae-a486-2dcb36c41bc9.jpg'),(237,529,'/images/09d300d1-e404-4a25-b222-601e27effde0.jpg'),(238,445,'/images/ff4b758e-a4f6-4803-bd8c-1a49e33c5bcf.jpg'),(239,445,'/images/b8fe5ae4-5cff-43c0-9c65-303b18eb55c8.jpg'),(240,445,'/images/2fd5f0b6-8ca1-4f29-af08-7c08b6737f3d.jpg'),(241,503,'/images/8b14c8cf-7d8c-4304-9aef-45c490ece505.jpg'),(242,503,'/images/ec325730-9120-4417-a02b-45db6dde786a.jpg'),(243,503,'/images/cadf23e1-625d-4dc0-b9cd-39fe66e30b00.jpg'),(244,439,'/images/e99ca588-d596-4140-9797-b5209fef8267.jpg'),(245,438,'/images/a2beb5b6-a831-4aa0-9c65-e97a34f5f6ba.jpg'),(246,467,'/images/d39174e9-cd84-4484-932f-7ebbd317266d.jpg'),(247,526,'/images/7fe51aec-89cf-4a7f-a3ef-e50a91d4858f.jpg'),(248,500,'/images/52467add-2864-44a2-9add-fb7b674fb1ef.jpg'),(249,595,'/images/9bbec9b7-984e-4992-8985-e517c51ae7fb.jpg'),(250,435,'/images/ee74e86e-71c1-470d-9748-92558e380cad.jpg'),(251,433,'/images/f6c09511-9ab1-4f80-9a80-73223a80f436.jpg'),(252,502,'/images/83d763e9-ea7b-429f-b73a-29b81643b8a7.jpg'),(253,566,'/images/2f9d089a-9714-432b-9980-2d98b554d848.jpg'),(254,468,'/images/ee069a3a-c94e-4676-aa36-671c84716829.jpg'),(255,501,'/images/1dad7240-df82-4082-a0f5-d428750ff949.jpg'),(256,466,'/images/d73523dd-ee6b-4d8e-ab54-00779c053bca.jpg'),(257,524,'/images/7fa10117-566c-419d-9cdc-eb7f209077bc.jpg'),(258,434,'/images/c59484d5-444c-43bc-8b65-6a8e1a295158.jpg'),(259,437,'/images/565f428d-5d15-4d04-a2d6-b07db919fce4.jpg'),(260,436,'/images/f5fe4da1-6505-48cc-8d63-5f23bb56105f.jpg'),(261,465,'/images/0852578e-7c88-4fb1-8357-59a8909694c6.jpg'),(262,499,'/images/d028865c-efa4-4903-9d57-0dc57340ed01.jpg'),(263,527,'/images/7d5ba518-1fd0-4d61-93ea-82aec3b0ddaf.jpg'),(264,585,'/images/0e7bc114-b107-44ba-bd61-a4b5612198b1.jpg'),(265,525,'/images/24c601f7-1af5-4cee-95cf-9a8be0fa7340.jpg'),(266,561,'/images/7e34467a-0bf0-451e-931d-3caedad4a965.jpg'),(267,528,'/images/748e6cc5-b80e-41ab-93ef-4141e8239b5d.jpg'),(268,528,'/images/6af72df4-53f3-4673-b081-21b700ae5a42.jpg'),(269,528,'/images/da025b78-7a87-460f-8191-ea1273e7791f.jpg'),(270,544,'/images/2ef7f10e-4145-4e23-98bd-a5a6535f3bc5.jpg'),(271,544,'/images/c42da506-27e9-4839-9100-d2f88c53ed3f.jpg'),(272,544,'/images/f48efd10-8f42-4426-be6a-330da21df7a5.jpg'),(273,442,'/images/0777de9c-83a1-406f-b362-aef3f6fd7e3f.jpg'),(274,442,'/images/c4d029be-f584-4dee-9c23-89b373b315a2.jpg'),(275,442,'/images/e37905d3-a4d6-457b-85c7-82d80d12c8a0.jpg'),(276,529,'/images/97c46740-5e1c-4950-984b-335b71c7b79c.jpg'),(277,529,'/images/85163e9d-0fe1-49db-8c9f-acce19cce4dd.jpg'),(278,529,'/images/22953b56-34f8-4ee6-a8e5-7821b3c14d4a.jpg'),(279,445,'/images/e8cb7b0d-3d7f-4a6f-ba35-f842d331aff4.jpg'),(280,445,'/images/f4b8362b-f75d-4240-a551-f7503a690387.jpg'),(281,445,'/images/45194994-26c8-44b9-bb5f-935d2071fa87.jpg'),(282,503,'/images/8e5b1832-622d-416c-834d-8e94707a377c.jpg'),(283,503,'/images/4c0a0754-de04-4044-bebd-06fd59cbe41f.jpg'),(284,503,'/images/641a72ff-dedd-4dae-b134-9b3926fd4bad.jpg'),(285,439,'/images/da8e0575-1649-4477-bdcf-90802a637613.jpg'),(286,438,'/images/c02cfd6c-2d26-482c-a393-6790140cdb0f.jpg'),(287,431,'/images/14b47fe3-0e72-4135-b42e-1f07dc9f0140.jpg'),(288,428,'/images/09e4257b-316c-459e-b1c3-d4d42cbbb5c9.jpg'),(289,430,'/images/b25ffd64-f674-4e13-bd9e-0e5d08bcc1bb.jpg'),(290,427,'/images/650f426b-c72e-4aef-bd62-b9f5192c5d48.jpg'),(291,420,'/images/b3be4554-8a63-4cb4-8c91-893283c9da1b.jpg'),(292,432,'/images/993e9545-e2a5-42d6-840d-86af3d8eead1.jpg'),(293,429,'/images/56b17bef-16e7-44b1-a12e-b0e5e4dd1257.jpg'),(294,431,'/images/ed706388-60a8-4bd1-a67f-e4787a060416.jpg'),(295,428,'/images/0289d281-ae37-4972-b747-76da80a7fa71.jpg'),(296,430,'/images/e9e764d0-3b42-48a5-9a62-bec840fa59f5.jpg'),(297,427,'/images/ce9832fb-2fd7-433e-b8f1-12535515d31b.jpg'),(298,420,'/images/548be5ba-b6a8-4a84-82a6-b7a941bb6e19.jpg'),(299,432,'/images/ac180871-632d-4a39-a12f-59f5a7a39bcd.jpg'),(300,429,'/images/c018ba9b-e7a5-4da0-9711-8bcce724f253.jpg'),(301,428,'/images/5948b485-5efe-40f8-83ff-bb78301caa26.jpg'),(302,597,'/images/57d5cc16-35a1-49ea-a0a7-888054086c27.jpg'),(303,433,'/images/ad423493-3578-443a-8f9f-d9d0f81795d1.jpg'),(304,427,'/images/7f581782-72e4-437d-a15f-ff65e3865281.jpg'),(305,458,'/images/25d6c263-4f2e-4ae1-8c7a-7161086b910f.jpg'),(306,452,'/images/c0ac24e2-eaad-42fc-995c-6301833706e5.jpg'),(307,452,'/images/63f817fd-10a2-46b4-86c2-62c187d7b1df.jpg'),(308,452,'/images/663a025b-906c-45e5-a2ff-7683f72f02a0.jpg'),(309,510,'/images/d46b071d-a061-4992-aa11-15f0e0055d42.jpg'),(310,510,'/images/6678ad64-16b9-48aa-ac6b-80340e7e46d2.jpg'),(311,510,'/images/56d39554-742e-4c96-bc7a-4bab288d58e8.jpg'),(312,450,'/images/d709768e-a86f-4189-806b-f83616922071.jpg'),(313,450,'/images/4432f667-55a0-4976-b339-13c94aa1a6dd.jpg'),(314,450,'/images/9e612dfb-2f65-4d7a-a6f0-75f298e1f8ad.jpg'),(315,450,'/images/2cd6f428-c12e-4348-b434-3a03d7492878.jpg'),(316,536,'/images/c19c0c1b-58b6-443e-9b10-6033efd87e62.jpg'),(317,536,'/images/8fafcd28-076f-428a-a5fd-b16403ba900d.jpg'),(318,536,'/images/39021bb0-94bf-40ee-b19b-ae452a24aed2.jpg'),(319,536,'/images/1678a934-7c50-4ef6-8bb0-e81bf270dc3c.jpg'),(320,421,'/images/83bb72c7-374a-4365-8b5a-eb79e82ff45c.jpg'),(321,596,'/images/eed84adb-fe27-421e-80bc-aa805ff90ba9.jpg'),(322,596,'/images/75f1cf21-7c77-4c6f-9297-45e347af613a.jpg'),(323,596,'/images/6d0795c4-d37c-45ec-b49c-5694220eefa8.jpg'),(324,422,'/images/1eeccb29-1326-4291-b75f-a6d2fd7e2ddf.jpg'),(325,444,'/images/e613dad5-6acc-42d5-ab98-57fc79a7b7ae.jpg'),(326,444,'/images/6115b7ba-0a52-44d9-a18d-e48703bfb285.jpg'),(327,444,'/images/64ff1a9a-8a24-4e52-a4ec-755a95c33f25.jpg'),(328,532,'/images/d046ab5e-9ff6-43db-99be-5b77fe8f1944.jpg'),(329,532,'/images/9c265a5a-a59a-4bf7-bac3-3cee715b9b16.jpg'),(330,532,'/images/22d10720-c7be-4eb2-b005-644c7c0bd907.jpg'),(331,506,'/images/4498bc94-8ce2-4009-88e9-f47ed3cac411.jpg'),(332,598,'/images/31519abe-6568-4f30-a17a-05c230b21278.jpg'),(333,443,'/images/b8026fd4-17fe-43ad-b67f-651def38c8f8.jpg'),(334,443,'/images/ecd6a5c7-bda3-495a-8be6-e288af54e13c.jpg'),(335,443,'/images/6acf1de1-ffa4-494d-8035-4c12c6205e1a.jpg'),(336,443,'/images/4c831466-b51f-4a19-a31f-c8125e91862d.jpg'),(337,531,'/images/04a9de2b-8654-4904-ac8f-a76d779c2be4.jpg'),(338,531,'/images/82772b17-81c0-43b7-9a6a-3ea4432f6703.jpg'),(339,531,'/images/a8bc4fa9-d5d6-4e66-91b5-8776e0e924ca.jpg'),(340,531,'/images/a4a47e90-b95d-4fd6-80b3-17a180d54f54.jpg'),(341,446,'/images/b330fe45-9f54-493f-b0c8-62a5a11bdae3.jpg'),(342,505,'/images/9e77f17c-cbb6-4819-919f-640f944f098f.jpg'),(343,449,'/images/075ea0af-7738-48b3-bcaa-952e3fd2cc97.jpg'),(344,449,'/images/a8e7d249-333c-4998-995f-c2a3f2e6c1d9.jpg'),(345,449,'/images/a1cca9ba-8b75-4151-9275-b7aafc30aee8.jpg'),(346,449,'/images/8e51d657-9676-4cd7-9ecc-38b52de6974d.jpg'),(347,507,'/images/47e0c6bb-dddf-49e3-9c04-b5954e6102cb.jpg'),(348,507,'/images/2fd4e758-1f5b-435a-9d50-8b57f604f1c6.jpg'),(349,507,'/images/0aeb493b-bde7-4045-8f72-d22bb04a6e3c.jpg'),(350,507,'/images/3cc950ad-1e41-42f8-a27a-ca29473255a5.jpg'),(351,423,'/images/bcebd19b-ea73-494a-9111-23c9d02bb324.jpg'),(352,537,'/images/aa491b27-2f52-4fdd-b756-140bd04c8aa1.jpg'),(353,425,'/images/9a8a868a-5907-45cb-a109-f092c299ba1b.jpg'),(354,424,'/images/158c11b7-bc03-43a8-8052-3f266ea124f1.jpg'),(355,426,'/images/a1d9676b-3ad2-4d1b-9440-25157321d516.jpg'),(356,451,'/images/91bb15e2-881f-47b2-88bd-1556aa38e357.jpg'),(357,509,'/images/c76c0265-ffbb-469b-82d3-402b74cd81f3.jpg'),(358,447,'/images/33ef22a7-15a8-4e4e-b659-de3fb2b0717e.jpg'),(359,533,'/images/152e80de-b3b2-47e2-9ac3-20efa6561877.jpg'),(360,457,'/images/1b150d6d-093a-4ca5-b9bc-2ebf7857e5dc.jpg'),(361,538,'/images/f96b2898-8c16-4877-897e-42f4cc19933c.jpg'),(362,459,'/images/5e93954f-f90f-47f4-aa1c-6ccc6ff925de.jpg'),(363,459,'/images/a92d1af6-8f0e-4107-bcd4-853a77e91e37.jpg'),(364,459,'/images/e582b9c9-6958-4792-afc7-c403e954658c.jpg'),(365,539,'/images/9567c38c-4f69-4bea-8e28-811c862875d4.jpg'),(366,539,'/images/62a02d0d-1bc9-45a8-a87b-b0fc566d87e0.jpg'),(367,539,'/images/3e050c6f-1a50-4eea-b21c-155a6dc8d9a9.jpg'),(368,439,'/images/a1bb10d5-7500-4e1b-9ad2-a96041814152.jpg'),(369,438,'/images/1dd40f67-7a59-4a60-b4d9-6275b9bb2158.jpg'),(370,448,'/images/ff7c2932-bd59-4a84-aeed-26a6dfa78140.jpg'),(371,535,'/images/a7e81343-eed9-4d6c-b841-45fcc8d57d0f.jpg'),(372,455,'/images/723b7953-cc47-43b6-a099-e85fe765293d.jpg'),(373,477,'/images/b16dd6ad-2b31-4f41-841e-4fb85c8124f6.jpg'),(374,534,'/images/f2c6cbc1-82b3-4b34-8683-419608a36b33.jpg'),(375,594,'/images/3ff3c304-ae60-4c7e-9622-326434d0ccf5.jpg'),(376,597,'/images/75a54f72-1d6e-4e8b-a17d-856d79d78604.jpg'),(377,475,'/images/4b6b0eba-b065-4283-9f96-32b724d2730b.jpg'),(378,604,'/images/6a0b63af-6ec2-4f68-898a-9e8d7bec2846.jpg'),(379,599,'/images/0cb19bdd-36b1-4ff4-8a04-65ff601ad814.jpg'),(380,601,'/images/ad4974ba-8260-46d2-ad9a-d76e544758f8.jpg'),(381,474,'/images/9b6a91e8-332c-4deb-bde3-cc4d236f5b93.jpg'),(382,480,'/images/6d8b8221-3b75-4afd-96a9-cdbb43f4e848.jpg'),(383,470,'/images/790fae3d-2623-48cb-8ae0-11b3d38c963b.jpg'),(384,481,'/images/e881ec0e-cbc8-4636-86ec-af158b1d7881.jpg'),(385,463,'/images/02f31271-02b9-4788-8214-491207291063.jpg'),(386,463,'/images/99b9f3cd-fbeb-45cd-9204-ffef68634eb4.jpg'),(387,463,'/images/856b9076-e5e0-4181-bd3b-4b764ba76819.jpg'),(388,520,'/images/064b6c18-5645-4c4e-93c2-c82143a63d2c.jpg'),(389,520,'/images/b5fed465-22a6-4034-9853-aba99c4a8b36.jpg'),(390,520,'/images/95cfd6da-8277-42bf-a5cb-9a829e34890a.jpg'),(391,511,'/images/f925b251-06eb-4bec-886d-b7a6d12a88a9.jpg'),(392,592,'/images/50eedbe5-fe26-441b-8dee-7d4ba97b1441.jpg'),(393,593,'/images/cc98810a-667d-42bc-80aa-c727035343cb.jpg'),(394,610,'/images/f54b8734-c388-4425-a640-ade0b5033deb.jpg'),(395,609,'/images/f4ff0986-d759-4582-bd09-ab69207ad641.jpg'),(396,609,'/images/4b88f3ee-7903-44e2-ad7f-e8d30b772999.jpg'),(397,609,'/images/1e0c8421-6e4c-42b5-8784-662e77658fba.jpg'),(398,512,'/images/95c89330-4624-4dbd-99aa-d4dfd4d246aa.jpg'),(399,512,'/images/727ff12f-8bed-492b-ac99-5c5a0adf91a9.jpg'),(400,512,'/images/648cefa6-3671-44ab-a44c-699f6a4471cf.jpg'),(401,605,'/images/bebad9fd-2832-4fa4-b8d6-9f3134f494d6.jpg'),(402,605,'/images/22f99bf8-3db9-4647-ae6a-31aae938a60f.jpg'),(403,605,'/images/d09801f5-e277-4f4c-9aaa-6c6251d9770e.jpg'),(404,602,'/images/455bf33b-a1f0-471e-a69c-e199e81e3345.jpg'),(405,602,'/images/44a76c45-0950-411b-8a67-c5783dae815a.jpg'),(406,602,'/images/99e61364-88c9-4a13-8896-9d30cee56ba0.jpg'),(407,589,'/images/869e01c5-d253-4706-9a43-b784bcbe8e86.jpg'),(408,482,'/images/960b3f33-6e6f-4b40-8fc7-2063e8c866c9.jpg'),(409,482,'/images/5151710d-95c2-41fa-afd0-7da685d8976d.jpg'),(410,482,'/images/2277dfca-ecc1-41c2-b515-5d58bd9d5ae2.jpg'),(411,478,'/images/a8c4a600-f187-42bd-82ec-25048492ee68.jpg'),(412,441,'/images/740c4ba1-4269-471d-9d12-63b326935f81.jpg'),(413,441,'/images/8c6f8d98-d38e-4b67-8c6a-ac0c1b2058b5.jpg'),(414,441,'/images/6879d535-26c5-44ac-a11d-3d75bf7b0a1d.jpg'),(415,518,'/images/11712de1-ff08-4b6e-991d-738212594b9e.jpg'),(416,518,'/images/af299a27-5ed8-48be-932f-14d847967474.jpg'),(417,518,'/images/3f325e18-be96-4c8d-9c6a-0eb09086c96e.jpg'),(418,506,'/images/4e50420e-a355-4a48-ba13-1e2459bafe71.jpg'),(419,598,'/images/ac914bbd-793a-49a1-bc1d-f7e25164843d.jpg'),(420,600,'/images/6e0a8e76-3501-459a-953c-f91884d5c2ba.jpg'),(421,606,'/images/427c046a-be50-402f-8cb6-619bf589af54.jpg'),(422,608,'/images/3bac1f70-2f56-440e-abd8-7867e2976c9c.jpg'),(423,603,'/images/243de01d-f22c-4132-b735-01d88e6c351a.jpg'),(424,519,'/images/be50cbc5-49a9-4137-91a2-aaafeac05dbc.jpg'),(425,519,'/images/25de969e-b9b9-4c34-a830-48a1953fee81.jpg'),(426,519,'/images/dfc0da98-fb63-4218-8f4c-e51cbbead9b3.jpg'),(427,542,'/images/58c59b84-2d23-4cd9-bddf-f8c5371efe8d.jpg'),(428,542,'/images/5f776ae0-d37e-47e3-bcf7-eeae1113906c.jpg'),(429,542,'/images/769dc081-f612-4004-aa05-86f4b1b783e3.jpg'),(430,517,'/images/c8a9d08c-fc42-4560-bbae-0e77f5e0dd07.jpg'),(431,517,'/images/42eafac7-3803-4f48-81f0-31b2fcb7b4d3.jpg'),(432,517,'/images/9f0c5db6-9c4d-464b-892f-745e4d89978c.jpg'),(433,541,'/images/4d211037-d1a9-4dcd-a5ab-366c09eb0e66.jpg'),(434,541,'/images/340e414f-1151-4698-954a-4ee5e9009d7d.jpg'),(435,541,'/images/0e3df0ba-a6a3-45c5-a932-b2ebcd037e3f.jpg'),(436,546,'/images/e98c8324-cce4-462f-8c9c-3a68ea93d407.jpg'),(437,440,'/images/65cf1828-e002-473d-b20d-83397d2a7349.jpg'),(438,440,'/images/18b7800f-f857-49b4-85e6-c8b54679976f.jpg'),(439,440,'/images/01309006-280e-41a8-bb50-949d58dabe5b.jpg'),(440,440,'/images/91eeba15-7faa-47c0-a15f-c26b46c905e9.jpg'),(441,516,'/images/a8a24cbb-ccc8-41d6-bd63-da43d00d52d6.jpg'),(442,516,'/images/b344e182-3dd9-46e9-8fdb-8ee8c262f0d6.jpg'),(443,516,'/images/c3583c6c-7eb4-42c0-b217-589d27b58ef6.jpg'),(444,516,'/images/95e22877-824f-4ede-9f16-bb108c9cd534.jpg'),(445,508,'/images/9f255b9e-6d49-4897-910f-01b55d1733dc.jpg'),(446,590,'/images/5f24a77e-b321-4eab-b284-5b313fcb2c41.jpg'),(447,591,'/images/8229840b-a54b-4eea-9bd3-ebba2ccf4c93.jpg'),(448,591,'/images/e68571d1-4ceb-4c8f-9ad8-415f28d45cb6.jpg'),(449,607,'/images/98d1b145-5b24-4faf-bdd3-21dbf8d9c37a.jpg'),(450,476,'/images/b80a1506-62bc-4405-9638-838d348f23f7.jpg'),(451,543,'/images/c651fca8-fcd5-4e7c-9002-f0d9930f2f0f.jpg'),(452,547,'/images/3ebc1910-4d62-49f7-8406-b7fb6175855c.jpg'),(453,555,'/images/3377cdaf-2896-4e14-ad15-54a50fd562a5.jpg'),(454,555,'/images/ef88abe0-8a43-4d45-9c62-e712822e3bfd.jpg');

/*!40101 SET SQL_MODE=@OLD_SQL_MODE */;
/*!40014 SET FOREIGN_KEY_CHECKS=@OLD_FOREIGN_KEY_CHECKS */;
/*!40014 SET UNIQUE_CHECKS=@OLD_UNIQUE_CHECKS */;
/*!40111 SET SQL_NOTES=@OLD_SQL_NOTES */;
